{"mean":{"confidence_interval":{"confidence_level":0.95,"lower_bound":4677826.464854499,"upper_bound":4689534.030285229},"point_estimate":4683138.296598832,"standard_error":3019.637797183912},"median":{"confidence_interval":{"confidence_level":0.95,"lower_bound":4675532.55,"upper_bound":4683418.801136363},"point_estimate":4678365.166666666,"standard_error":2200.112787771122},"median_abs_dev":{"confidence_interval":{"confidence_level":0.95,"lower_bound":2887.422734636044,"upper_bound":12588.824487401207},"point_estimate":6262.841835316175,"standard_error":2584.552587817489},"slope":{"confidence_interval":{"confidence_level":0.95,"lower_bound":4674310.50062495,"upper_bound":4692285.336329118},"point_estimate":4681292.232578397,"standard_error":4813.788220463305},"std_dev":{"confidence_interval":{"confidence_level":0.95,"lower_bound":5580.906449733601,"upper_bound":18810.588780513044},"point_estimate":13856.893300903343,"standard_error":3335.42077683786}}