{"mean":{"confidence_interval":{"confidence_level":0.95,"lower_bound":488190.84259157936,"upper_bound":491350.39792311017},"point_estimate":489667.90637412266,"standard_error":812.1740978390759},"median":{"confidence_interval":{"confidence_level":0.95,"lower_bound":486647.8413461539,"upper_bound":491589.03125},"point_estimate":488611.18973214284,"standard_error":1182.3765502326553},"median_abs_dev":{"confidence_interval":{"confidence_level":0.95,"lower_bound":1024.630394056122,"upper_bound":5166.593216607958},"point_estimate":3727.859224074587,"standard_error":994.6196863581293},"slope":{"confidence_interval":{"confidence_level":0.95,"lower_bound":486600.96630349295,"upper_bound":488751.2760550603},"point_estimate":487433.8369773519,"standard_error":556.8461674242197},"std_dev":{"confidence_interval":{"confidence_level":0.95,"lower_bound":2246.1241047656667,"upper_bound":4953.124177656522},"point_estimate":3725.8322399272433,"standard_error":728.7696015063639}}