{"mean":{"confidence_interval":{"confidence_level":0.95,"lower_bound":2812522.373779383,"upper_bound":2815647.552067114},"point_estimate":2813945.814296383,"standard_error":803.6661716305583},"median":{"confidence_interval":{"confidence_level":0.95,"lower_bound":2811523.966346154,"upper_bound":2814409.042307692},"point_estimate":2813446.3990384615,"standard_error":653.1857631655676},"median_abs_dev":{"confidence_interval":{"confidence_level":0.95,"lower_bound":1031.4690364949784,"upper_bound":4247.8502477263455},"point_estimate":2710.1286009237424,"standard_error":783.273283183478},"slope":{"confidence_interval":{"confidence_level":0.95,"lower_bound":2811497.2839071215,"upper_bound":2813433.1704405216},"point_estimate":2812438.035674082,"standard_error":496.7965618370253},"std_dev":{"confidence_interval":{"confidence_level":0.95,"lower_bound":1654.7742231747181,"upper_bound":5031.282160138046},"point_estimate":3691.8223867878273,"standard_error":878.6046867593801}}