{"mean":{"confidence_interval":{"confidence_level":0.95,"lower_bound":2134040.6594711235,"upper_bound":2140082.4508716296},"point_estimate":2136946.271622126,"standard_error":1549.470504865536},"median":{"confidence_interval":{"confidence_level":0.95,"lower_bound":2132229.84375,"upper_bound":2140055.5833333335},"point_estimate":2135246.150925926,"standard_error":1826.2339074038346},"median_abs_dev":{"confidence_interval":{"confidence_level":0.95,"lower_bound":3030.872654524697,"upper_bound":11524.715936081486},"point_estimate":6812.794175159825,"standard_error":2113.140317042647},"slope":{"confidence_interval":{"confidence_level":0.95,"lower_bound":2130606.9894495886,"upper_bound":2134287.648422427},"point_estimate":2132217.2157955864,"standard_error":947.3618582978039},"std_dev":{"confidence_interval":{"confidence_level":0.95,"lower_bound":4818.267512274207,"upper_bound":8500.560895597535},"point_estimate":7098.99863001174,"standard_error":934.9786488492325}}