{"mean":{"confidence_interval":{"confidence_level":0.95,"lower_bound":614275.8585498943,"upper_bound":615476.0598889024},"point_estimate":614878.2671186328,"standard_error":307.1492372330253},"median":{"confidence_interval":{"confidence_level":0.95,"lower_bound":613957.6745791247,"upper_bound":615868.8858024692},"point_estimate":614763.644855967,"standard_error":513.550688873708},"median_abs_dev":{"confidence_interval":{"confidence_level":0.95,"lower_bound":896.2774433471495,"upper_bound":2414.734677006532},"point_estimate":1691.9316501474123,"standard_error":386.12169183243054},"slope":{"confidence_interval":{"confidence_level":0.95,"lower_bound":613905.925063019,"upper_bound":615476.5914249262},"point_estimate":614684.8221964125,"standard_error":401.87485828315545},"std_dev":{"confidence_interval":{"confidence_level":0.95,"lower_bound":1067.3577013319282,"upper_bound":1636.5098826701587},"point_estimate":1410.1328628377826,"standard_error":145.06686381560536}}