{"mean":{"confidence_interval":{"confidence_level":0.95,"lower_bound":489587.75719002617,"upper_bound":492103.85157340346},"point_estimate":490777.94974369707,"standard_error":642.1429947500845},"median":{"confidence_interval":{"confidence_level":0.95,"lower_bound":488746.3229166666,"upper_bound":492054.2317708334},"point_estimate":489986.1505681818,"standard_error":856.060036111508},"median_abs_dev":{"confidence_interval":{"confidence_level":0.95,"lower_bound":1154.369896611128,"upper_bound":4195.694679678255},"point_estimate":2575.121290575092,"standard_error":778.5368340564181},"slope":{"confidence_interval":{"confidence_level":0.95,"lower_bound":488244.50914516783,"upper_bound":489526.4727857379},"point_estimate":488743.8714285714,"standard_error":328.33939090125006},"std_dev":{"confidence_interval":{"confidence_level":0.95,"lower_bound":1800.3052155201851,"upper_bound":3691.636420154333},"point_estimate":2945.957889098417,"standard_error":484.65184717023}}