{"mean":{"confidence_interval":{"confidence_level":0.95,"lower_bound":494723.66497629846,"upper_bound":497937.83137758455},"point_estimate":496125.570879817,"standard_error":827.0560774627944},"median":{"confidence_interval":{"confidence_level":0.95,"lower_bound":493908.9765625,"upper_bound":496861.9765625},"point_estimate":494960.80113636365,"standard_error":752.9534354322009},"median_abs_dev":{"confidence_interval":{"confidence_level":0.95,"lower_bound":866.6661696135797,"upper_bound":3811.561072624831},"point_estimate":1869.52464011144,"standard_error":801.915676520062},"slope":{"confidence_interval":{"confidence_level":0.95,"lower_bound":493500.5901945124,"upper_bound":494524.4308628749},"point_estimate":493890.1797038328,"standard_error":261.899291759389},"std_dev":{"confidence_interval":{"confidence_level":0.95,"lower_bound":1679.1235778749076,"upper_bound":5534.457003848414},"point_estimate":3776.1203069499875,"standard_error":1121.9461132156678}}