{"mean":{"confidence_interval":{"confidence_level":0.95,"lower_bound":4678284.522696711,"upper_bound":4684728.8671551},"point_estimate":4681439.4481286025,"standard_error":1644.7158553654792},"median":{"confidence_interval":{"confidence_level":0.95,"lower_bound":4677096.396153846,"upper_bound":4686622.3125},"point_estimate":4678398.041666666,"standard_error":3266.688326063442},"median_abs_dev":{"confidence_interval":{"confidence_level":0.95,"lower_bound":2399.196815738922,"upper_bound":12061.892672917893},"point_estimate":10034.872993016985,"standard_error":2584.3250185804054},"slope":{"confidence_interval":{"confidence_level":0.95,"lower_bound":4675102.23999712,"upper_bound":4682580.45182459},"point_estimate":4678556.668466899,"standard_error":1923.850097861954},"std_dev":{"confidence_interval":{"confidence_level":0.95,"lower_bound":5434.070855115412,"upper_bound":9182.349862556188},"point_estimate":7567.134039198148,"standard_error":965.5851840617332}}