{"mean":{"confidence_interval":{"confidence_level":0.95,"lower_bound":614585.6909841935,"upper_bound":615270.0214936457},"point_estimate":614907.8196316471,"standard_error":174.98023624088148},"median":{"confidence_interval":{"confidence_level":0.95,"lower_bound":614329.801510989,"upper_bound":615107.6809098639},"point_estimate":614604.5302318296,"standard_error":190.6862092107534},"median_abs_dev":{"confidence_interval":{"confidence_level":0.95,"lower_bound":159.0220846767813,"upper_bound":1124.179223791788},"point_estimate":445.62480004912135,"standard_error":236.82338537752736},"slope":{"confidence_interval":{"confidence_level":0.95,"lower_bound":614417.0059901599,"upper_bound":615160.5308409386},"point_estimate":614727.0095196615,"standard_error":195.3102786407106},"std_dev":{"confidence_interval":{"confidence_level":0.95,"lower_bound":488.10094788283396,"upper_bound":998.2376288182076},"point_estimate":803.4331266384094,"standard_error":130.31118136726087}}