{"mean":{"confidence_interval":{"confidence_level":0.95,"lower_bound":2134100.614031595,"upper_bound":2139690.9782171967},"point_estimate":2136745.458893771,"standard_error":1426.4654067647286},"median":{"confidence_interval":{"confidence_level":0.95,"lower_bound":2132958.388034188,"upper_bound":2138656.2625},"point_estimate":2134781.1642857147,"standard_error":1405.4227847758073},"median_abs_dev":{"confidence_interval":{"confidence_level":0.95,"lower_bound":1737.329726790483,"upper_bound":9613.788307915562},"point_estimate":4655.055042356023,"standard_error":2084.9851832144436},"slope":{"confidence_interval":{"confidence_level":0.95,"lower_bound":2131095.242598055,"upper_bound":2134336.412411005},"point_estimate":2132557.6514518,"standard_error":830.5256861980357},"std_dev":{"confidence_interval":{"confidence_level":0.95,"lower_bound":4045.515922606647,"upper_bound":8167.589654502815},"point_estimate":6527.878376348554,"standard_error":1051.382820091443}}