{"mean":{"confidence_interval":{"confidence_level":0.95,"lower_bound":618923.9778740699,"upper_bound":620114.1823371954},"point_estimate":619497.8311678431,"standard_error":304.3865647933165},"median":{"confidence_interval":{"confidence_level":0.95,"lower_bound":618619.458152174,"upper_bound":619841.8400255754},"point_estimate":619097.4239130435,"standard_error":326.4166713086964},"median_abs_dev":{"confidence_interval":{"confidence_level":0.95,"lower_bound":475.133003521251,"upper_bound":1948.2212388905164},"point_estimate":937.0484299359046,"standard_error":375.85200621905557},"slope":{"confidence_interval":{"confidence_level":0.95,"lower_bound":618876.0189293113,"upper_bound":619959.8550534559},"point_estimate":619350.9892289047,"standard_error":276.29115028361537},"std_dev":{"confidence_interval":{"confidence_level":0.95,"lower_bound":882.1279559932083,"upper_bound":1723.395319586028},"point_estimate":1397.7548261617299,"standard_error":213.18146521400212}}