{"mean":{"confidence_interval":{"confidence_level":0.95,"lower_bound":1016744.7217771291,"upper_bound":1021804.04456589},"point_estimate":1019111.2369339166,"standard_error":1294.6817315591754},"median":{"confidence_interval":{"confidence_level":0.95,"lower_bound":1015496.475,"upper_bound":1020143.5285714285},"point_estimate":1017067.9655555555,"standard_error":1354.3603151175116},"median_abs_dev":{"confidence_interval":{"confidence_level":0.95,"lower_bound":1910.3967830837394,"upper_bound":8613.237029751172},"point_estimate":4105.335523586297,"standard_error":1584.4369203260624},"slope":{"confidence_interval":{"confidence_level":0.95,"lower_bound":1014090.7795197972,"upper_bound":1016795.909851259},"point_estimate":1015150.0270383275,"standard_error":691.4705348191108},"std_dev":{"confidence_interval":{"confidence_level":0.95,"lower_bound":3496.121323078928,"upper_bound":7486.157623634389},"point_estimate":5919.93688486046,"standard_error":1022.1353281629798}}