{"mean":{"confidence_interval":{"confidence_level":0.95,"lower_bound":4679514.817982887,"upper_bound":4685600.415518103},"point_estimate":4682546.467149435,"standard_error":1551.299161945799},"median":{"confidence_interval":{"confidence_level":0.95,"lower_bound":4677178.630952381,"upper_bound":4688607.564102564},"point_estimate":4681754.128472222,"standard_error":3396.187623116843},"median_abs_dev":{"confidence_interval":{"confidence_level":0.95,"lower_bound":2858.0820992588997,"upper_bound":11383.58402132118},"point_estimate":9983.664929398317,"standard_error":2234.233058661106},"slope":{"confidence_interval":{"confidence_level":0.95,"lower_bound":4676113.306272,"upper_bound":4686890.280795571},"point_estimate":4681330.010278746,"standard_error":2792.9385020042946},"std_dev":{"confidence_interval":{"confidence_level":0.95,"lower_bound":5524.209666715866,"upper_bound":8226.107284159842},"point_estimate":7120.126528067732,"standard_error":691.7420650247718}}