{"mean":{"confidence_interval":{"confidence_level":0.95,"lower_bound":2819489.445362997,"upper_bound":2823117.1881727898},"point_estimate":2821177.6178380717,"standard_error":929.5563179804273},"median":{"confidence_interval":{"confidence_level":0.95,"lower_bound":2818586.5984848486,"upper_bound":2822700.9053030303},"point_estimate":2819747.1858851677,"standard_error":1168.9328396092194},"median_abs_dev":{"confidence_interval":{"confidence_level":0.95,"lower_bound":1335.5859593192708,"upper_bound":5681.311537432714},"point_estimate":3796.081291529233,"standard_error":1134.3053838415003},"slope":{"confidence_interval":{"confidence_level":0.95,"lower_bound":2818482.227487102,"upper_bound":2820662.379878516},"point_estimate":2819493.396103896,"standard_error":553.705126854228},"std_dev":{"confidence_interval":{"confidence_level":0.95,"lower_bound":2541.6891072026237,"upper_bound":5597.74967984714},"point_estimate":4263.225355662445,"standard_error":807.2645534737874}}